<?xml version="1.0" encoding="UTF-8"?>
<project-private xmlns="http://www.netbeans.org/ns/project-private/1">
    <editor-bookmarks xmlns="http://www.netbeans.org/ns/editor-bookmarks/2" lastBookmarkId="0"/>
    <open-files xmlns="http://www.netbeans.org/ns/projectui-open-files/2">
        <group>
            <file>file:/C:/Users/abood/OneDrive%20-%20Asia%20Pacific%20University/Documents/NetBeansProjects/Assignment/src/Icon/Logo.png</file>
            <file>file:/C:/Users/abood/OneDrive%20-%20Asia%20Pacific%20University/Documents/NetBeansProjects/Assignment/src/hall/booking/management/system/Home.java</file>
            <file>file:/C:/Users/abood/OneDrive%20-%20Asia%20Pacific%20University/Documents/NetBeansProjects/Assignment/src/Icon/Hall%20symphony%20Logo.png</file>
            <file>file:/C:/Users/abood/OneDrive%20-%20Asia%20Pacific%20University/Documents/NetBeansProjects/Assignment/src/hall/booking/management/system/NewLoginJas.java</file>
            <file>file:/C:/Users/abood/OneDrive%20-%20Asia%20Pacific%20University/Documents/NetBeansProjects/Assignment/src/hall/booking/management/system/user_data.txt</file>
            <file>file:/C:/Users/abood/OneDrive%20-%20Asia%20Pacific%20University/Documents/NetBeansProjects/Assignment/src/hall/booking/management/system/ModifingPage.java</file>
            <file>file:/C:/Users/abood/OneDrive%20-%20Asia%20Pacific%20University/Documents/NetBeansProjects/Assignment/src/hall/booking/management/system/ReceiptPage.java</file>
            <file>file:/C:/Users/abood/OneDrive%20-%20Asia%20Pacific%20University/Documents/NetBeansProjects/Assignment/src/hall/booking/management/system/AllLoginPages.java</file>
            <file>file:/C:/Users/abood/OneDrive%20-%20Asia%20Pacific%20University/Documents/NetBeansProjects/Assignment/src/hall/booking/management/system/BookingHalls.java</file>
        </group>
    </open-files>
</project-private>
